{"cameraMode":{"drawMode":0,"name":"Shaded","section":"Shading Mode"},"sceneLighting":false,"audioPlay":false,"sceneViewState":{"showFog":true,"showMaterialUpdate":false,"showSkybox":true,"showFlares":true,"showImageEffects":true,"showParticleSystems":true},"in2DMode":false,"pivot":{"x":16.219097137451173,"y":-9.104643821716309,"z":-19.559589385986329},"rotation":{"x":0.031583838164806369,"y":0.9576336741447449,"z":-0.26194292306900027,"w":0.11547146737575531},"size":35.9032096862793,"orthographic":false}